id_pagamento,id_pedido,id_metodo,valor,status,data
17,1,1,300.00,concluido,"2025-05-26 21:45:07"
18,2,3,700.00,pendente,"2025-05-26 21:45:07"
19,3,5,700.00,concluido,"2025-05-26 21:45:07"
20,4,2,2000.00,cancelado,"2025-05-26 21:45:07"
21,5,1,1000.00,concluido,"2025-05-26 21:45:07"
22,6,4,2000.00,processando,"2025-05-26 21:45:07"
23,7,1,150.00,concluido,"2025-05-26 21:45:07"
24,8,3,350.00,concluido,"2025-05-26 21:45:07"
25,9,2,1800.00,pendente,"2025-05-26 21:45:07"
26,10,4,2500.00,concluido,"2025-05-26 21:45:07"
27,11,5,500.00,cancelado,"2025-05-26 21:45:07"
28,12,1,450.00,concluido,"2025-05-26 21:45:07"
29,13,3,400.00,concluido,"2025-05-26 21:45:07"
30,14,2,1200.00,concluido,"2025-05-26 21:45:07"
31,15,1,400.00,pendente,"2025-05-26 21:45:07"
32,16,4,550.00,concluido,"2025-05-26 21:45:07"
